id,owner,amounte18,start,end,sclp_reward,maha_reward
49,0x75F74DE8C945725703F1a000521dC72A4f27701E,53225.728,1654256150,1767830400,23333.01312,1399.980787
81,0x5ddb49F23a2e5D83F348A0287085056A0612b365,33398.103,1654256160,1749686400,12302.04052,738.1224312
4,0x0Fb11728d48CE180538490b3a09Fa7C11Cf4a344,25000,1654256136,1767830400,10959.46306,657.5677836
180,0xF853571a5437Af65dc4906580015f35eb55921c1,19504.832,1654256186,1764806400,8322.832204,499.3699323
14,0x3bF43D5f01e2de17875111cd2b86AeA6A08e3704,15003.53,1654256136,1767830400,6577.225312,394.6335187
7,0xddfB5F05589FCbFb99Cb7b5cE4D549980C65cF6a,14100,1654256136,1765411200,6049.475234,362.968514
267,0xC9485CD3BED4d3F841adC35889591Fd4e94C987A,11000,1654256220,1761177600,4539.693978,272.3816387
25,0xf4383782E47A87560b19ce13c4Aae796A19c7623,10251.426,1654256144,1767830400,4494.004666,269.64028
116,0xa9E0DA4bA1B522b09D5f37ABab08C0EbeB324f58,10200,1654256168,1767830400,4471.459669,268.2875801
112,0xcBC006a250Ff1f765ea9f40DDC359a7AD326f195,10641.72,1654256168,1761177600,4391.834154,263.5100493
152,0x42aaF70A09e9385Dfa70b3D573D021C79EA1c901,10335,1654256180,1764201600,4385.882182,263.1529309
205,0xE623086EAD948cB8522a7213454c29770EA5FAdD,50000,1654256200,1676505600,4293.95655,257.637393
262,0x5Ff39c8fE39eA1812e2b163E7e485eF70d8c05A8,8187.854,1654256220,1778112000,3914.314405,234.8588643
76,0x27CC46dbc92eca7785103483e82dE0C6246124E4,8423.641,1654256156,1767830400,3692.742645,221.5645587
84,0x45B4F1d285e750E60408496459153E41AF174bE4,7800,1654256160,1767830400,3419.351752,205.1611051
216,0x977223Ef93b8490E8E6d2dC28567360F489A3EE1,7070.922,1654256200,1772064000,3215.284669,192.9170801
122,0x2dC743f7d67101E46f0532F2FE60a34D9aD62C2e,6668.68,1654256174,1768435200,2938.972683,176.338361
41,0x86C1441CAeCdE1046bC3Ae0799f80051dB1edd4c,6494.04,1654256150,1767830400,2846.847309,170.8108385
219,0x9531647f5fFaf86cCC95307A2841d44864F50D2f,6013.066,1654256200,1761177600,2481.589511,148.8953706
46,0x3e55aA73120BC8035a61dBA7F9b55bA99056bD9B,5097.841,1654256150,1767830400,2234.78373,134.0870238
117,0x5372ACcb490a498F9a0EA9d1050932C32E306D8d,5200,1654256168,1764806400,2218.872457,133.1323474
85,0x39774983FC43A2Eec4E75886369da9021D33e103,5049.925,1654256160,1767830400,2213.778192,132.8266915
5,0x964B2C3dF9F29DEd421ab05974306255f20a1F98,5010.556,1654256136,1766620800,2173.126537,130.3875922
189,0x270595E1e45E4D28E8edA95747F2e222AAa755EA,5150,1654256194,1760572800,2113.380376,126.8028225
198,0x857Db2aa6295cCE3Bb4BA4f11f81C0fD58A37b6E,4948.49,1654256194,1764201600,2099.999163,125.9999498
200,0x1bA2f1Eea3aC21cB53C88522Bfe32a051D601872,4508.072,1654256194,1764201600,1913.098224,114.7858934
86,0x1ff4C0Ae0F386c16D297d7580B872Da90fadaE2c,4000,1654256160,1767830400,1753.513719,105.2108231
210,0x336f2809f43fefb062a2b25F1C74a22a9bB26981,4018,1654256200,1765411200,1723.884929,103.4330957
89,0x2574F8351A6a47493B48Fb6DF4Fd932521340DE0,3810.264,1654256160,1765411200,1634.758349,98.08550096
16,0xc71CEAb81a7f7866313c319959C66854f5bB8fE0,3240.367,1654256136,1779926400,1571.795588,94.30773529
562,0x5372ACcb490a498F9a0EA9d1050932C32E306D8d,3000,1654952315,1780531200,1454.143327,87.24859964
83,0xE48fF39B6811fD3bC5c81b8eb2D7A2C5B2604863,3221.129,1654256160,1765411200,1381.995454,82.91972725
28,0x0645842997CaF428ac9419eD52ddA96f51deb77F,3350.19,1654256144,1760572800,1374.801773,82.48810638
17,0x4c9c9606b4A05EaB15bfD5529d37901aa92adbAA,3273.851,1654256136,1760572800,1343.474996,80.60849978
90,0x06D7e91CA4337E1BCC2192996eeb205A93d4EBBB,3045.99,1654256160,1767830400,1335.296313,80.1177788
140,0x94bf811283077DAea3A193eB66A4519c7bDD7d49,2745.298,1654256174,1779926400,1331.653476,79.89920858
40,0x53143A1404277d27EF7007751739ce950896A3c2,3005.554,1654256144,1767830400,1317.570229,79.05421372
257,0xF7fBA8a566DF2Cbc5ab0e46ed7B1D213fA07B7E8,2669.241,1654256214,1779926400,1294.760323,77.68561938
154,0x94a80Bb792075DEb898673E6c1EF9e3cAd8CE33b,2922.018,1654256180,1769040000,1294.591938,77.6755163
384,0xFF15208Bb7bdc9024431c3294C9D1f6E262304a9,2508,1654282054,1777507200,1192.8785,71.57270997
27,0x8adDabF339c54Aa0c6e8Adb41C2CB2F1d68451f5,2800,1654256144,1759968000,1142.486473,68.54918836
69,0x831D9794bA02A2fA81cAEf8202dff99030cf0415,2515.825,1654256156,1767830400,1102.883452,66.17300712
20,0x6A62099262229c07643eC2f23e256d8caEB587F5,2501.115,1654256136,1767830400,1096.435098,65.78610588
34,0x63b38CfD568b5BA7f3e124b5a70603262D834e5f,2501.185,1654256144,1767225600,1090.626862,65.43761175
417,0x9f28AF4c58d2E2b776c27D432409964Cb6C74891,2496.272,1654282070,1760572800,1024.133642,61.44801851
8,0xfe655eC770E2b532c85E9867F79Fb4a8C2dCF4dE,2377.841,1654256136,1764806400,1014.63989,60.87839342
440,0xD7a7E8477AbbE7D0453083b79a1CFfEb67d8A5eD,2312.971,1654282080,1765411200,992.1273004,59.52763803
201,0xdf46e7abec81C028aa5De7c71219a346F86b6c73,2377,1654256200,1762387200,992.0846692,59.52508015
365,0x8689162187f25DB79a3c438c2836F75B09c4D65C,2212.53,1654282048,1765411200,949.0443452,56.94266071
109,0xaD47C8B0D224C4a9dD431b2877ccDB886eb52949,2054,1654256168,1767830400,900.4292313,54.02575388
23,0x17BC9331ff977cAB492d76a094683187B6BFbe48,2021,1654256144,1767830400,885.9629314,53.15777588
141,0x753C46389eE4Df0e56F72822B998d04C8Fe19acb,2000,1654256180,1768435200,881.425568,52.88553408
9,0x2cAFe9CBA9da5a49E3FF28eB63958c2583CD552A,2000,1654256136,1767830400,876.7570448,52.60542269
101,0x5E40789a9Fa5e1a5D9ef54aC259639477B575c7d,1614.25,1654256168,1764806400,688.8105508,41.32863305
330,0xdd5864a413B7bA1Cd438e20ca7A14d0e68fc0bFE,10000,1654281642,1671062400,647.7104617,38.8626277
37,0x22fD4633443AE028C28620c79Be4A19e2FF39504,1315.905,1654256144,1767830400,576.8644489,34.61186693
70,0x0E14B09cD66728ae56580c00a5cbEFa4BCfB753F,1300.217,1654256156,1767830400,569.9871069,34.19922641
549,0xc9EfbFaF6083c49c1741ab0B6946C0b5Ede8956C,1377.872,1654282116,1760572800,565.292748,33.91756488
480,0x16Dcf38af6bBd0C673CB1e6c05d2220965554a61,1315,1654282094,1764806400,560.9871156,33.65922694
261,0x4892Db7037c4A4d1298Fb58cce082008263a8416,1335.919,1654256220,1761177600,551.33304,33.0799824
129,0xC403400832e973011516DE452bDf14B4F8266c6e,1232.3,1654256174,1768435200,543.0903923,32.58542354
22,0xb3Dfdea360ae38779B8fD9645290a46f939CAEd0,1220.699,1654256144,1765411200,523.7296338,31.42377803
33,0x350A885Ea8744C28A26e6b874dD7a50C5d0E72Be,1180.322,1654256144,1767830400,517.4277779,31.04566667
142,0xF1e59A9E96AFAF1AE0e3E61a5560c977368B5e29,1196.352,1654256180,1764806400,510.4908104,30.62944862
96,0xC1C2D0860A213C630c7E285eB5b8B1ebDfa205B1,1142.93,1654256160,1767830400,501.0358587,30.06215152
60,0x6945B43512CF7DaBf002533bc4a01a49fd920372,1023,1654256150,1779926400,496.22364,29.7734184
105,0xacd67c3083B9e0e2d378b1eC77d6532571dc634E,1154.117,1654256168,1765411200,495.1631346,29.70978808
73,0x2AbAdDDC9FAAFfEbcAA2702eF56A1989D2BfD91a,1125.583,1654256156,1767830400,493.4313255,29.60587953
190,0x098a0cC0AdD390Cc0ceA20364ECa30D7d3aAa92e,1090,1654256194,1770249600,488.0104664,29.28062798
162,0x35d60A396672dFf5171becFfc59D4bFCb0FCb7Ab,1088.544,1654256186,1769644800,484.8174942,29.08904965
534,0xb8A953757b06d96396fB631E84115F8CD9D92113,1115.947,1654282116,1765411200,478.6748843,28.72049306
528,0x1eef89D0c6354902B06DaA3bdD2dDaDA2598Ab97,1151.288,1654282108,1760572800,472.3332837,28.33999702
131,0xcC0c40F6dC3FBef6328da9b07f58A2211806d1A5,2554.857,1654256174,1701907200,469.9029704,28.19417823
15,0xD0EF643Cacb56Da91AeE474D103cc46f2080f56c,1071.715,1654256136,1767830400,469.8168381,28.18901029
42,0x0962E1CE0819C840519A95111c9B2e4D8e475ecc,1076.843,1654256150,1766620800,467.0371527,28.02222916
107,0x6Ae07F823e9BE3889DDd984716faD9faF3836d76,1062,1654256168,1767830400,465.5578596,27.93347158
227,0xEd2B4FB23433814956FA8d47EbA537f1bEa98527,1010,1654256208,1773273600,463.9820085,27.83892051
217,0xbD60d1A6BE7bC900Bd748d5eEaB7466770A685be,1079.891,1654256200,1765411200,463.3170283,27.7990217
88,0xaFb1F1d6A887Dec13c2c3FeeA7d7C24ff8A06A3c,1055,1654256160,1767830400,462.4892434,27.7493546
460,0x604dcDa0f15ed0923b5AE66E5c6D1611019B794A,1095.715,1654282086,1763596800,462.3230721,27.73938432
220,0x42e86399Bf7A083C3fd967D0853A1DaC96854b14,997.8,1654256200,1772668800,456.0482085,27.36289251
221,0xfB1108B2B93E1CF84823a065f3d9507d8A34224A,997.8,1654256208,1772668800,456.0481777,27.36289066
245,0x11D72223368d5fC6f2Dbc63458c2141E7A108053,1107.677,1654256214,1760572800,454.5519212,27.27311527
78,0xadCd0F99a56e4C87f522e3CbeE7F225Bd2B81063,1100,1654256156,1761177600,453.9696696,27.23818017
21,0x626B918ef2625EB2D47ecA3fd8e7774C34613eE1,1035.483,1654256144,1767830400,453.9334755,27.23600853
29,0x66522fefA6355C8A391109640fD0439e5B2bf20E,1035.41,1654256144,1767830400,453.9014739,27.23408843
108,0x0213DC37e2bE77da1E0ED4FE78474051337F490E,1030,1654256168,1767830400,451.5297509,27.09178505
66,0xb745AA0d86AB8CcAbD0721258C2b674e5c7b9152,1027.59,1654256156,1767830400,450.4733065,27.02839839
12,0x7d07DA14B87B6370FB987F022367db438ad38c03,1023.231,1654256136,1767830400,448.5624939,26.91374963
82,0x830dc7165fB45d8A21cC40ce58E7BE48F54D7733,1062.52,1654256160,1762992000,445.9428086,26.75656852
54,0x94Ed315472c96b45763a7ca7991103972d94b8C4,1014.849,1654256150,1767830400,444.8879502,26.69327701
51,0xa00706c3B08dB136A9E9300d0c5D22444B03b877,1003.256,1654256150,1768435200,442.147861,26.52887166
167,0x0b5665d637F45D6fFf6c4aFD4EA4191904ef38BB,1989.12,1654256186,1711584000,440.1449296,26.40869578
97,0x60Cec6fa60A6880B518f9B78B9422740130ECf9A,1002,1654256160,1767830400,439.2551866,26.3553112
13,0xfF59683661a5934748d92E71209C93f6a1F12b0C,1000,1654256136,1767830400,438.3785224,26.30271134
164,0x2f70642A50D74111bE3460f97C604359bc245Da8,1074.004,1654256186,1758153600,430.7050604,25.84230362
519,0xB66747241E41f0F44D7Cd2d9ce0d08fEBBb7bf0E,998.846,1654282108,1765411200,428.4455516,25.70673309
458,0xce83B6564fB0F528172E0823331375f4b4ca9daD,1001,1654282086,1764806400,427.0328087,25.62196852
87,0x9402229B147566037f850CDbb2f3a1bC58Bf6783,1000,1654256160,1763596800,422.0374098,25.32224459
543,0x57F65790Fa373E1C74ec570048a2c7b10668ad93,982.763,1654282116,1765411200,421.5468704,25.29281222
316,0xf7C58dFEb06691c6b37b64DDb9ca50A587CaeB06,944.675,1654281642,1765411200,405.2111123,24.31266674
394,0xff98F3cFa8F203e760c7c24CFc71b1BaC9E5670D,943.307,1654282062,1764806400,402.4207044,24.14524226
274,0xbEB439195367d87184733bAdb1f4F26A7df9C576,903.003,1654281628,1765411200,387.3362755,23.24017653
383,0xf05E6883f52Ff6Bf82f9d3120eA163E65dA32Bef,890.581,1654282054,1765411200,382.0064887,22.92038932
44,0x3edd4601EF01EF4DE4F7a4EA265547580d519be5,908.5,1654256150,1761177600,374.9376981,22.49626189
436,0xEc0847F840D3c6429acC6DA2612E9f05Ad8E9882,844.91,1654282080,1765411200,362.4162505,21.74497503
11,0x285973208Cc8f2B65a57d3DB370A614e714560c7,822.619,1654256136,1767830400,360.6185017,21.6371101
206,0xdA13F11a3D5e6A844A434A1acaa15Af954f398c9,831.4,1654256200,1766016000,358.6451593,21.51870956
457,0xDadd7DAC370072311e3166019fEB3D55877fe910,952,1654282086,1751500800,357.2367731,21.43420638
323,0x8A40435c3E62A8cB15570fa4e5587471F6b1B9F4,824,1654281642,1764806400,351.524923,21.09149538
346,0xe5DbD125Da82787b8413912B2676DCdC66dF7D7b,835,1654281648,1761177600,344.5220893,20.67132536
488,0x3D82BD8155005DD721dfDC311534CFDe980Cd11C,805,1654282094,1764806400,343.4179681,20.60507809
389,0x767631aBDC12c6ba6262D87e8d107DEa9ae0aF6f,799,1654282054,1764806400,340.8584544,20.45150727
420,0x898bA0e92247d28E1b1d6E8d061D31e378594646,774.837,1654282070,1761782400,321.5062988,19.29037793
137,0xF9BF5735755319Da8cc648A392D58c0e639ebe28,701.239,1654256174,1768435200,309.0450082,18.54270049
437,0xB9fbeF8f9eD5151348e3d1d6e27E4F8dd7912D49,720.521,1654282080,1764806400,307.3787443,18.44272466
373,0x7E3725aB300DCE7f6b47183232E44E538DfDAcaA,738,1654282054,1761782400,306.2214166,18.373285
489,0x71fcD8ec340677d02EBc2BE62042D8b3D00c0590,709,1654282094,1765411200,304.1188875,18.24713325
94,0xD4330bA82770aa55B808179Fa3553999929af90b,689.847,1654256160,1767830400,302.4140446,18.14484268
126,0xf96c30ffB5280B2030Df2aCaBd990e7d6f1cF7c7,669.639,1654256174,1768435200,295.1184835,17.70710901
269,0x8DF8C2C965989d2dc9991357ECF087Eb62eb351a,607.807,1654256220,1779926400,294.8270127,17.68962076
195,0xeec117F77CBCdA67aeaD88d55f4dD9666Cd3b952,677.479,1654256194,1764201600,287.5029217,17.2501753
35,0xF7B5D015d2aC3c8ec395FD3eE79EB3e8Dc4108F6,674.925,1654256144,1764201600,286.4192066,17.1851524
91,0xAbb61b62Ef940CE72aE8feA044d48883A0523076,634.518,1654256160,1767830400,278.1590045,16.68954027
281,0x7dd4b7c7D60Ec09d77f504d4e5eaA8355F65DC75,648.232,1654281628,1765411200,278.0541909,16.68325146
283,0xe9442731E5c6dB811b2efAeF1e0D9abE62Bf30dB,648,1654281628,1765411200,277.9546763,16.67728058
359,0x0862F5b6bD6F27ef606DC82f0EDbbCdaA43F4cBd,648,1654282048,1765411200,277.9536258,16.67721755
544,0xEec8316B72e04FB22beB6c8a464FE8d730835c81,669.737,1654282116,1761782400,277.8966052,16.67379631
397,0x04B243e950E0274cbd715Ad140C11757207d6191,673,1654282062,1761177600,277.6796025,16.66077615
545,0xAC2D35cc47fa5833C838A5778EF520b3ca9D58c7,642,1654282116,1765411200,275.3798126,16.52278876
319,0xB16885D54e8cA9730aa3Cc81f3f6Ab9EaC8aC766,639,1654281642,1765411200,274.0941601,16.44564961
127,0xBAE304B1a1b5ed66b0C61291Ae012e171DBA067E,620,1654256174,1768435200,273.2419404,16.39451643
158,0x90774aB01BB5725d1CE10ADF47a1B791A594279c,639.983,1654256180,1764806400,273.0847111,16.38508267
181,0x0162E0554f115DBF4e7CCCDE0b0cA15eD4C73d9E,622.816,1654256194,1767225600,271.5750971,16.29450583
183,0xD821db770d6eFd8B2533BBa3ce33f5c3C71a2161,622.286,1654256194,1767225600,271.3439939,16.28063963
104,0xdb88B11CF86dCd509e6204c8c007509516526309,612.331,1654256168,1767830400,268.4326834,16.105961
77,0x37f31DE56cd8844c8170C54877a201AF3541ae12,624.814,1654256156,1765411200,268.0706481,16.08423889
487,0xfEf869627e0020E8C13c8fC2C32c66EcB6cDA4B0,624,1654282094,1765411200,267.6589363,16.05953618
304,0x21606eE18fc1c9B398c25f56e98E6035ab434299,613.399,1654281636,1765411200,263.1128213,15.78676928
128,0x733AB147ef8F4efEA84ced248F1AFE74FBe21582,635.078,1654256174,1761177600,262.0964557,15.72578734
301,0x1A82A2B89a4ccd38b34377a33eddD8C790eF4516,605.28,1654281636,1765411200,259.6302382,15.57781429
381,0x3A2Ed3fCB00814E325eadBAbA88bb903047c3Fed,603,1654282054,1765411200,258.6512767,15.5190766
466,0x5F3fC0d59093DCa9a55A5561b0db0dFE84dBDe38,601,1654282086,1765411200,257.793321,15.46759926
115,0x95263BAc044453E7d63347a399f8Cdea99f0d531,586.569,1654256168,1766016000,253.0312637,15.18187582
156,0x0B368F220A06e20c33339CD59E4f16B95666a37F,593.419,1654256180,1764201600,251.8302679,15.10981607
197,0x0f07c0197c2431054906FF50d04a6390A67D1bAa,600,1654256194,1761782400,249.0203906,14.94122344
59,0x399a0AB358Cd880b7DF71896CdC8Cc233ec1134A,564.5,1654256150,1767830400,247.4646454,14.84787872
468,0xbFcFF3aA2579219eA47bbdc783d3E5afB2174895,571.483,1654282086,1765411200,245.1322803,14.70793682
314,0xEa93efa4a0F368b4e152FB7D7EBb2C1A14aC4465,571.4,1654281642,1765411200,245.0976574,14.70585945
6,0x77692EC8DFf80D651c4E27574234429861E06a8F,565.242,1654256136,1766016000,243.8313967,14.6298838
392,0xd61F2eCDb421625265DbCC2c90d4Dfd07f9931F0,566,1654282062,1765411200,242.7804512,14.56682707
19,0x918DeF53676ad8D5955C637c43983d1D7Db46DEA,500,1654256136,1779926400,242.5335754,14.55201452
207,0x4b454e793480FE19b2dB4365bDfa9dA5c809Baa4,562.383,1654256200,1765411200,241.2851115,14.47710669
100,0x07A280e8a764B0cb493c7c5652Db248c828D2487,550.19,1654256160,1767830400,241.1914283,14.4714857
74,0x110d3DeD938e01d3d2a02E27eC65c38c6E05866A,546.996,1654256156,1767830400,239.791256,14.38747536
521,0x97Cd05ee9f47c6AbA029c5ed4Fbce8CE817586e3,562.042,1654282108,1764806400,239.7705555,14.38623333
342,0xD201ECBE85a32944464964A1e1C02F923e7c4DFE,561,1654281648,1764806400,239.327028,14.35962168
379,0xdEaE1Be6361cf08B6eEDEC70a25F165Fc990f2cA,555.787,1654282054,1765411200,238.3996967,14.3039818
143,0xaC3a38771884b89650C9e59952A72Fa7895aD9fB,549.007,1654256180,1764806400,234.2646883,14.0558813
144,0xfb825828749435a66eB7710c0D743cb32Ae022dD,550.789,1654256180,1764201600,233.7392996,14.02435797
581,0xbF6E8F71c48F65Fd28cC2baFf067FD289739C0EF,480.955,1658914849,1784764800,233.6290442,14.01774265
491,0x45F794104dd545b9C196fdc4623A6C1db4040ABc,544,1654282094,1765411200,233.343688,14.00062128
24,0x696c7dfeb7ac0CC3E573Cc4363C0d982833155A3,531.612,1654256144,1767830400,233.0472666,13.982836
80,0xAB8cc4DA67b8B23456482891874a9128b850F6E5,530,1654256156,1767830400,232.340576,13.94043456
571,0x5372ACcb490a498F9a0EA9d1050932C32E306D8d,2000,1654956441,1684972800,231.7167049,13.90300229
102,0xC380B79Db82cF37fD43d1Ebd9cA1b30C9Fc749F2,516.353,1654256168,1767830400,226.3580014,13.58148008
132,0xe1Fd26028A0DE4F2a26b100F1Ce0E98d5E669aa3,512,1654256174,1768435200,225.6449573,13.53869744
130,0xa4aBA4b4bbEa97A3d14dA4f4F53b097a513E46CE,509.21,1654256174,1768435200,224.4153685,13.46492211
165,0xa292C5f77f50f606d35D165E541b45B79773a6C3,500,1654256186,1769644800,222.6908118,13.36144871
176,0xb234Fc52aB006f283538c04D190837D2Dcd31b6f,500,1654256186,1769644800,222.6908118,13.36144871
508,0x543a27A01490Ab7913F491d7700014c0b3A3EcD9,520,1654282100,1764806400,221.8351972,13.31011183
302,0x0910AEd2f4a4b3E7F399F3d5Cf6EdacA132b83D0,516.459,1654281636,1764806400,220.3255098,13.21953059
208,0x725DaD5AdB139e3b5f2bC24c7a83A4d88f146EE0,511.5,1654256200,1765411200,219.4542412,13.16725447
504,0x45d2c6e88dDA2ae0053F69335189D790580c5744,513.879,1654282100,1764806400,219.2239409,13.15343646
311,0x9378C1C061235833E9e86a73d421ac4bFAbA45Ce,510.515,1654281636,1765411200,218.9815144,13.13889087
357,0x6CCFf7807fc71FD391C64ed2D77b1Ed91e576128,510.211,1654282048,1765411200,218.8503046,13.13101828
186,0x49fAa913ddbD17F68B8b2D19cD43bf4A985f0aA4,700,1654256194,1735171200,218.6233013,13.11739808
374,0x8AcE04A9aB843cBe14925e1eB80627EC548B1761,511.258,1654282054,1764806400,218.105897,13.08635382
492,0x900AD759cefe96CAE74507e38446E7B642222cDa,506,1654282100,1765411200,217.0439334,13.022636
526,0xD392D581E85C77F8720B53d68BE3Bed9aB5d7b8f,502.737,1654282108,1765411200,215.6442848,12.93865709
95,0x80f227A6f50D75F31e83E881d26Ad22d147e2fD3,583.859,1654256160,1749081600,213.698849,12.82193094
573,0x5372ACcb490a498F9a0EA9d1050932C32E306D8d,4000,1654956791,1668643200,211.3094126,12.67856476
118,0x1DA216A65647056387F0ce215979F1A19668DB43,480.284,1654256168,1767830400,210.5461309,12.63276786
425,0x884eea0fC5C090D57B695FA26e5978b9f13EdEDA,480.7,1654282070,1765411200,206.1917924,12.37150754
150,0xe0f0c1f4C1549CfE125D26AF190006D67087b53A,464.325,1654256180,1769040000,205.7178983,12.3430739
135,0x4DDCaD765a5A1497c26807078a318b4c1C2FC1e7,48497,1654256174,1655337600,202.4328635,12.14597181
345,0x5078bD10Db4b5005004ad6b5910f025B33F18fb2,484.742,1654281648,1762387200,202.2683755,12.13610253
133,0x21287bc0F05285fE0D2242b5B3AE8cEe4A99b565,411.885,1654256174,1779926400,199.791823,11.98750938
378,0x2561a222dD48539A18b9e4DD31Fb11E897fA1D86,476.387,1654282054,1761782400,197.6692439,11.86015463
242,0xb3D7e2431a2e21Dd9474fD39062568eeB5d1dAE7,1152.887,1654256214,1698278400,195.8969543,11.75381726
459,0xCE75Cc74E98Fd26C46D7006a9a535C18d8d0F9aA,455,1654282086,1765411200,195.1679884,11.7100793
182,0xB6a0b10D2E6f92197B877c064AdE6BBf592E1a60,428.56,1654256194,1767225600,186.8709597,11.21225758
416,0xa70624315649B95F160e6399c01567e862C9aa16,435,1654282070,1765411200,186.5892026,11.19535216
313,0x75D228291f2670546549563569d25AB1840fa897,436.23,1654281642,1764806400,186.0991713,11.16595028
163,0x5e89492CEd829cDd2faAA26D382993000d1C265d,444.756,1654256186,1760572800,182.5123637,10.95074182
288,0xf12f98A0aa832987C9298E0E5D7152118e29dF41,425,1654281628,1765411200,182.3005207,10.93803124
511,0x8Fc87c199203332c1cc43430b9FaD2B1868E44D0,431.646,1654282100,1762992000,181.1198936,10.86719362
79,0x4f81dcD57874BeA635DDd33eBda1E6Cbbd177028,413,1654256156,1767830400,181.0502979,10.86301787
523,0x4d167FDe5B6677Ea1F539b4FdAb0d3a65b6c181e,420,1654282108,1765411200,180.1550306,10.80930183
166,0x830A4bEC21aa7BB909e5188028Ffe96AdbAfd153,411.962,1654256186,1767225600,179.6335163,10.77801098
55,0xe5b46eA6A8e364A31CF67cE32DdDB94C2B603D52,408.759,1654256150,1767830400,179.1911444,10.75146866
215,0x8254925c4Da21bcae450ED64cC97c42Bcb24CB13,412,1654256200,1765411200,176.7647065,10.60588239
344,0x30a30E458310bEDe783e53D8c5BBcC3C50D47617,411.1,1654281648,1765411200,176.3381896,10.58029138
293,0x794f4B5c738187224d0bc230F6a760023467789B,411,1654281636,1765411200,176.2953144,10.57771886
498,0xf314BA7071efdf6E3E34808c520135C6c292AE2c,410.5,1654282100,1765411200,176.080108,10.56480648
202,0xfcb757fD178FA036d839Dbb5caA69005C4Da9dF7,428.97,1654256200,1760572800,176.0343162,10.56205897
470,0xDCbC0EA6bEF5041068707d986c1e007c98Cec03d,416.049,1654282086,1762992000,174.5753704,10.47452222
369,0xAcEB82D900F3D8b3909DC5198E6974c23da732b4,409.537,1654282048,1764201600,173.7550484,10.4253029
294,0x3040b76bdd4d73472036cF9845e9A87008123946,429.701,1654281636,1758758400,173.282783,10.39696698
286,0xaB418f230341ca4317FE8cb799856D4cF6D22D58,400,1654281628,1765411200,171.5769607,10.29461764
486,0x8873b2f5630C38bfed1c63768A6aAc9b4a1810D1,400,1654282094,1765411200,171.5762412,10.29457447
214,0xC148aA677D894295E91873adE125Ba841c6a7D95,373,1654256200,1772064000,169.6102972,10.17661783
287,0x04fB3712c8452a90896Ce7F49Fc6182636963aF6,392,1654281628,1765411200,168.1454215,10.08872529
464,0xf9a0B25695751476706AE7dCa58C2CA3e2614Cd3,405.138,1654282086,1760572800,166.2140155,9.972840931
72,0x1F906aB7Bd49059d29cac759Bc84f9008dBF4112,400,1654256156,1761177600,165.0798798,9.90479279
233,0x533065DA755A32D79edeE8628e05cAab46543a7b,358.148,1654256208,1773273600,164.528939,9.87173634
157,0x8c1F416ef5Cf6090Cb50CFF16e48B8Dc343E01c6,368.235,1654256180,1769644800,164.0051107,9.840306643
191,0x3b917F458739D38fa9620054Eb5270cD51Cb134b,360,1654256194,1770249600,161.1777687,9.670666123
244,0x3930d9d8B77069aD62c4A1B5D943C1545F1E3a96,400.885,1654256214,1758153600,160.7658366,9.645950198
243,0x27009520FD9974f2815a611D5943e4d4b0495BEF,336.805,1654256214,1775692800,157.8692031,9.472152186
175,0x4870aaD38E762F0a95CbB34d95A2983551f3ebE5,369.389,1654256186,1764201600,156.758253,9.40549518
577,0xc298585cB7BCa511bFe5f33A1AB44B56A7C9893E,320,1656452875,1782345600,155.4962607,9.329775643
177,0xB9Df650383d84F2AD7BA1652B904f922E69b552E,361.408,1654256186,1765411200,155.0587065,9.303522391
563,0x4ee470E115B1EB569920725093C41430EB528e95,330,1654952777,1774483200,152.2515539,9.135093231
263,0x9144FF76DA0E05fcF216D7b384A5e115b4eCE682,317.13,1654256220,1778112000,151.608288,9.09649728
188,0x14538b987e37e2CD0714b358C24E8661C67c9e81,352.334,1654256194,1765411200,151.1655812,9.069934872
256,0x44Fc2834cdAb3D22E885EF26ce1bCBe50C163ccf,317.57,1654256214,1777507200,151.0772979,9.064637876
435,0x4A786abfce88E92e343922e583E9241F3AC9c9fE,350,1654282080,1765411200,150.12923,9.007753798
462,0x91b456E682bA958d43B563A8146812Fbc1CedE20,350,1654282086,1765411200,150.1292219,9.007753311
61,0x89dF8866FDCca92C27be1E8d9E312121188eA268,341.863,1654256156,1767830400,149.8653704,8.991922225
178,0xe52029A8ae59433a67cDA5c005900089666b6Ddd,312.006,1654256186,1776902400,147.7020182,8.862121091
559,0x99AacDB295c6d6fae1D5c0f01a469430cf58E021,303.333,1654610775,1780531200,147.4297668,8.845786007
265,0xe651E648a4a66af94961a04D99C5852bb0c74854,307.777,1654256220,1778112000,147.1369598,8.828217587
331,0xc06e0388D7902C32d85531e60169088cb1ae9c9E,344,1654281642,1764806400,146.7531232,8.805187391
386,0x1Fe05822ab8346290064542820384D650B18a07C,344,1654282054,1764806400,146.7525761,8.805154568
461,0xBC4F67B7A61accF235a3639079C60fbc36A9284C,343.992,1654282086,1764806400,146.7491208,8.804947248
114,0x84F812Cc10640a3fe0E6753bb47AD3058d3B4Af8,341.587,1654256168,1765411200,146.5547164,8.793282986
575,0x341A8307dCdFBE53084a8e407839C4b8b5e24dd4,300.862,1655275164,1781136000,146.1595804,8.769574826
328,0xeb6F73D3C139e8F53d2550c54687C58B917cE78B,351.952,1654281642,1761177600,145.2158625,8.712951749
318,0x1edAD11A8d1A0417E90AB30C32b24605b2f2720A,337.443,1654281642,1765411200,144.7435926,8.684615557
264,0x0C21bd323f4eFc78a292904608B719dF1EC4EA60,371.642,1654256220,1755129600,144.7007223,8.68204334
370,0x323A24e105b292f01D89B616feF24D1a9Df9F513,350,1654282048,1761177600,144.4099162,8.664594973
39,0x175b1aA14EBF9E0761D998bAC8D7960Bf0705f45,329.401,1654256144,1767830400,144.4023135,8.664138809
515,0x5D92D031024e368B5543c6da50F0cF392704511b,350,1654282108,1760572800,143.5927842,8.61556705
473,0x1D0cFc9B27FC08E70782c9B21C8dAb87870c1100,336.458,1654282094,1764806400,143.5350593,8.612103557
31,0x44Eaa7C5f2939BFE3c16D595d0fCB498cd5B236E,347,1654256144,1761177600,143.2068118,8.59240871
404,0x6293D2Ee946940200882dE0C6359662BC28097aD,335.515,1654282062,1764806400,143.1328111,8.587968666
449,0x813F739b02102990B03749ffBd00499366672f0f,333.341,1654282080,1765411200,142.9835076,8.579010453
248,0xC6876C285D61758AB04d91f375174c517f6b3e1C,301.602,1654256214,1776902400,142.7767861,8.566607165
413,0xEF111E79D96AbE4634Ff22947D0902F43CdbeC6C,334.61,1654282070,1764806400,142.7467221,8.564803324
171,0xf669eA009BE1C43c47F44A62ba7454Bd7f544190,300,1654256186,1777507200,142.7187696,8.563126178
119,0x0C9A01a29d64A4c54497F2780A1F6A49BD89Ee97,320.429,1654256168,1769644800,142.7132106,8.562792633
241,0x1c79deaA038B68E2570D30B65a5F457b66669009,305,1654256214,1775088000,142.2493765,8.53496259
320,0x835021730E4Dc6374B58D23AB850D3bF5840aC7b,330,1654281642,1765411200,141.5509747,8.493058483
387,0xad6F05857Ebb5a330773ac6741bE3C06b1Af2CF0,330,1654282054,1765411200,141.5504499,8.493026996
434,0x403CaBb8217D965cA9376Df603AEABe0866e60f6,330,1654282080,1765411200,141.5504168,8.493025009
452,0xce98a95f347e23BDB9f686512c8CF2D765E38195,330,1654282086,1765411200,141.5504092,8.493024551
484,0xE907E019D67E4002b191D5906b790f5F1ef98297,330,1654282094,1765411200,141.550399,8.493023939
514,0x2809B5a5D66202622651580d05B7423B43dfC1e7,330,1654282108,1765411200,141.5503812,8.493022869
532,0x85aB4A97283663e191e6cfc7DfcFf4016E0c5c2b,330,1654282116,1765411200,141.550371,8.493022258
548,0xFC10F3672A5800A9c35C61769fb345652EA334FF,330,1654282116,1765411200,141.550371,8.493022258
230,0x3AA48a6dbCae9798A423BBeBFC05D8Ca8a555232,330.919,1654256208,1764806400,141.2051517,8.472309104
322,0x7Ad8FfC6d9754cfB83C2BBB483380ff35cf7F247,330,1654281642,1764806400,140.7806124,8.446836741
353,0xcd867eA977Deb43a2090630C3ff10FA65700193a,328,1654282048,1765411200,140.692576,8.441554561
483,0xe9D289dce390906eD2E982278f9653f7B03c3DF7,327,1654282094,1765411200,140.2635772,8.415814631
368,0x9Bb70bf2938A667cA6f039DB35B925e3d3Eb9885,336,1654282048,1762387200,140.2022575,8.412135449
185,0xA3d078c8048dE8695BC30Ff2001A37BC926f432d,310.431,1654256194,1770854400,139.709613,8.38257678
477,0x3fb955502aE19eb97A3CeDdc1699D9067adda20f,325,1654282094,1765411200,139.405696,8.364341758
234,0xa42B37b50Fe7f1a4850E66881C22E80a80A08240,326.261,1654256208,1764806400,139.2175548,8.353053287
252,0xFA5179eb4fCDD12f47412F3f8AE38259BE3bD5EB,339.208,1654256214,1760572800,139.1991059,8.351946357
240,0xba7cf268cd6F327f853f9cdf638548C033eD8888,325.721,1654256208,1764806400,138.9871335,8.33922801
168,0x7Ba755A9535e7E2A870F8a05c430018AbfBC0974,312,1654256186,1769644800,138.9590666,8.337543995
169,0xceE53eCE8be2857743a96aE1922cF84ca5168d44,312,1654256186,1769644800,138.9590666,8.337543995
334,0xeb9Dc47E1822302803Cc7a583A6Fb4A162f31aC1,325,1654281648,1764806400,138.6475652,8.318853915
482,0x7675c0BFbA0907E615121a6B39d0e3C870b73A0b,325,1654282094,1764806400,138.6470058,8.318820346
47,0xe85841aD1320047195E35352797Fc7200bE164c9,1295.332,1654256150,1681948800,138.45701,8.307420599
339,0x78529a5325a7CbFe0208A6fE99A829EA28b09946,324,1654281648,1764806400,138.2209574,8.293257441
236,0x75359fCd3b430284e5d5e24BDC23526C6DeDE9A7,321.788,1654256208,1765411200,138.0600905,8.283605428
340,0x75b23e8Da1ECCAa43BC7a4E23831bd46e559D22b,321,1654281648,1765411200,137.6904862,8.26142917
229,0xcaFd650401708ca4f65a22340D07f78E18f8C332,320.3,1654256208,1765411200,137.4216782,8.245300691
65,0x14b026e654E0ff578434fAEEa9Ad58B2A31BC542,325.614,1654256156,1763596800,137.4212942,8.245277652
337,0x58c959a4510E92097eE1697490167810C93Eb581,333,1654281648,1761177600,137.3962344,8.243774065
273,0xf0d7C528a50545821BcD7c3ACA978e2CFf2C89fF,320,1654281628,1765411200,137.2615685,8.235694112
321,0xeF53EfC3f5753Bd18f99CC9B39CAe971B25bE218,320,1654281642,1765411200,137.2615512,8.235693075
57,0x63c2827A62e3715CE9C4fA8ddb3c3E89116F6202,311.957,1654256150,1767830400,136.7552319,8.205313911
407,0xbaBA55Af21E34F5209A83086c5C0156532A8D168,318.207,1654282062,1765411200,136.4919418,8.189516506
282,0xfE57b767bd580c29CFDAfC66e6E175a45E0096a0,319.896,1654281628,1764806400,136.4701833,8.188210995
237,0x8E9E4465CbE3De268A1E3E0C228D20923DBA3761,317.745,1654256208,1765411200,136.3254797,8.179528779
203,0x3c64Ac34A6187f70658f4e444fcA143A460E523e,317.698,1654256200,1765411200,136.3053246,8.178319473
539,0x24BAF3a6918d6feF1a4AB229d1d9B79BCB20fDB6,330,1654282116,1761177600,136.1578344,8.169470063
187,0xCFA69E7E5bd20a12eB676A03A350925B296143C5,318.769,1654256194,1764806400,136.02069,8.1612414
499,0x9144DCFD6336A185237d2aCF8A109C6aF5c2036f,320.211,1654282100,1764201600,135.8564708,8.151388246
312,0x47414B09E1fC4ab0aef5F94505f907D42937Ae77,320,1654281642,1764201600,135.7675151,8.146050908
405,0x39d49511F4b3f2eC4859FA0b36ED816147c1AEDd,320,1654282062,1764201600,135.7669964,8.146019782
92,0xA9dDC986e7C4b2dfB5c10FE94Ab99e7c33FdFF54,309.543,1654256160,1767830400,135.6969743,8.141818457
75,0x7fE33AFe1109a52D7f6311Cc0B8b8388d547eA5C,308.566,1654256156,1767830400,135.2686833,8.116120999
276,0x4fCDE2A630171f299F487EC52C509a273Db03ea3,315,1654281628,1765411200,135.1168565,8.107011392
280,0x70CEF808E390c031aB75CDD4D8a289215388Bafd,315,1654281628,1765411200,135.1168565,8.107011392
298,0x11b88567aF82Af5Bba947B37EA3D353447E94b85,315,1654281636,1765411200,135.1168468,8.107010808
306,0x1b0C9bb8f4502D6d8821E68Eab3Dcc2ee90B5a36,315,1654281636,1765411200,135.1168468,8.107010808
333,0x3dE6539CF5c0c72e381df8eB37b0718FAf8f3036,315,1654281648,1765411200,135.1168322,8.107009933
338,0xAC25424Dd34afCF4d1473CDaaCA019E573F9297c,315,1654281648,1765411200,135.1168322,8.107009933
351,0x189C7f09d72a1d8233478751DdD3E7d7F4BB3055,315,1654281648,1765411200,135.1168322,8.107009933
382,0xf8E93eE17cd730eDe1b1bDf8Bd99AF313294Fc19,315,1654282054,1765411200,135.1163386,8.106980315
414,0xe680413d0D88d5c50C2345C49Ee5B3dd06d52d22,315,1654282070,1765411200,135.1163191,8.106979147
418,0xB8dDE2386a5E6c7F011815CcB83235dEE2D64C47,315,1654282070,1765411200,135.1163191,8.106979147
469,0x02bBF01e772354228d0F66a720F48058E5f3d4C7,315,1654282086,1765411200,135.1162997,8.10697798
472,0xfcF756abC8e8294F7E69214799D1D20e031a3254,315,1654282094,1765411200,135.1162899,8.106977397
512,0x0Eb6Fe4881bd57291f993220F0ec28486dF588a4,315,1654282108,1765411200,135.1162729,8.106976375
538,0xf3794A61651CDC90b9d80590BA5D413C50E664bB,315,1654282116,1765411200,135.1162632,8.106975792
542,0x2868Dee7B17e478348EAAE54ad0A65aAB476C8Aa,315,1654282116,1765411200,135.1162632,8.106975792
226,0x6AA33d1F92f2b64db7Be6d8190390091dC69c8Ff,326.516,1654256208,1761177600,134.7529896,8.085179375
284,0xBf1a0Eb4518D1F75B7e15EE9Eb83A078E341A091,315.5,1654281628,1764806400,134.5948146,8.075688877
490,0xBf982f06f9282DCE1621f49C8D282eb257e24198,313.746,1654282094,1765411200,134.5783984,8.074703906
308,0xC4BfC5b8266aDE7507352Ed04A65e027d3596ff8,313.471,1654281636,1765411200,134.4609939,8.067659635
145,0xC27CeB27F4765e5484CaF741ac93cD12b8724C77,303.447,1654256180,1769040000,134.4413484,8.066480903
433,0x006EFb61a1FdC1972130Ee465012Bc0f7fB36787,313.007,1654282080,1765411200,134.2614282,8.055685694
292,0x0BBdD27e2da45d2Cf8bCBb43487A19AD08B393c1,326.962,1654281636,1760572800,134.1416925,8.048501551
36,0xb697ceA2DD7A0b9C90Be7DA172831D91C32B70F8,305,1654256144,1767830400,133.7054399,8.022326395
93,0x16ed9183CDf7e75EE53A650c3CE09FC10CAe155b,305,1654256160,1767830400,133.7054211,8.022325265
98,0x8F1bcd4c2d00A88f78A82Ad942e823a8beC0fCc5,305,1654256160,1767830400,133.7054211,8.022325265
58,0x60068459BB92D88aCbC4a2e9c0B21F2dDc41EE59,304.407,1654256150,1767830400,133.4454744,8.006728465
520,0x47Fd044Fe4a240b193287C0bB564ef83C2011B98,312.768,1654282108,1764806400,133.4287422,8.00572453
385,0xa17a1DEa325445028c459CB671b74D07C40eE6d2,311,1654282054,1765411200,133.4005755,8.004034533
10,0x9D276D8F19dFE76E9025E624A9210678cE6f3f2D,310.77,1654256136,1765411200,133.3330084,7.999980504
303,0x9210D63aA390865da213ff22DB8DAdfa042fb013,312.275,1654281636,1764806400,133.2189943,7.993139656
522,0x57aCe3706B143F4DC56d4808dedFdb0a01B545Af,312,1654282108,1764806400,133.1011087,7.98606652
297,0x6c4F311B2c097CB7e4C2566cB61a5F4d94999999,310.19,1654281636,1765411200,133.053634,7.98321804
30,0x33e64B201a02038F5380B2bc96130FE77c4e5419,303.495,1654256144,1767830400,133.0456803,7.982740817
285,0xDE6910F4569646073EeeA6E021b835824ba77874,310.069,1654281628,1765411200,133.0017415,7.980104493
305,0x2E06Bb4DDbF3F14516E6fb65e94CB84944Aae8da,310.069,1654281636,1765411200,133.001732,7.980103918
446,0xbA12A4b0369400279E4276F1C6A72185399C6542,310.069,1654282080,1765411200,133.0012006,7.980072035
451,0xaE3feA1052471716F08e3F31b08a89B5bbf05265,310.069,1654282080,1765411200,133.0012006,7.980072035
465,0x9656c46300825ea522491cd2996c87ddCB826260,310.069,1654282086,1765411200,133.0011934,7.980071604
506,0x2D745789d3aa1232e31B0930E10D8556c3fa1A09,310.069,1654282100,1765411200,133.0011766,7.980070599
372,0xeDf64c14F8347301DFAa8A409Cf79FcbF5810ba5,310.009,1654282054,1765411200,132.9754953,7.978529715
336,0xdbECf3231E9C42a63e0146250426E26C6aFD61ae,310,1654281648,1765411200,132.9721206,7.978327235
360,0x7Bcc9240a36fa860822BAdB3de68f5e35dD7cB2F,310,1654282048,1765411200,132.971642,7.978298518
391,0x39D8dBa2A0Be1839dB67E1203E31a626d72281b9,310,1654282054,1765411200,132.9716348,7.978298087
402,0x6fd1EFc2681b1fd5BF194762f564A73Af2828292,310,1654282062,1765411200,132.9716252,7.978297513
428,0x24172B00D662326C2588b73D333237A321e4b87D,310,1654282070,1765411200,132.9716156,7.978296939
432,0x51795B3acB74395EE4788a03492221c2328e4861,310,1654282080,1765411200,132.9716037,7.978296221
444,0x9fb3e1FDF2523EF04F25d1C69Da2D12A9995e645,310,1654282080,1765411200,132.9716037,7.978296221
485,0xdA690DaB2aFF13983cB0aDEf3Dd24Bd49f761a0B,310,1654282094,1765411200,132.9715869,7.978295216
497,0x37C9e073b8E3202DF6e0Ec46251886F1B71480fa,310,1654282100,1765411200,132.9715797,7.978294785
529,0x87Bad1868A2ffEf891EDA7F6DCbf061eC9f072f6,310,1654282108,1765411200,132.9715702,7.978294211
537,0x032fAD39a3134834585E13D98cDAC4aC22fe814E,310,1654282116,1765411200,132.9715606,7.978293636
431,0xecF00d580Ec85d4bC5383EC2b904A1A3A7c5bB8e,309.957,1654282070,1765411200,132.9531712,7.977190272
138,0x21ea1d0b740f0d2dc02Fa93f828359fd196F800e,301.21,1654256174,1768435200,132.7471046,7.964826279
467,0x65b6Fe7B2851c1a8848DE6E93ce6C4d775521F84,311,1654282086,1764806400,132.674529,7.960471738
502,0xBBE4Bf2D53A4A752c0eF21573FA0162BddafCD12,310.76,1654282100,1764806400,132.5721267,7.954327601
153,0xe93b89feF7cBcE1593Bc6b504308666Db0605996,319.337,1654256180,1761782400,132.5357247,7.952143483
422,0xC78d55FEf09278943227D0131Ae919A2620E67D1,321,1654282070,1761177600,132.4444959,7.946669754
541,0x0F52e9Eb237f384a46afdae58c497728Cf790dc7,310.129,1654282116,1764806400,132.302919,7.938175143
347,0x7f5eb24c704dDB8d97F0bD6831608DE2A6E97985,310,1654281648,1764806400,132.2484468,7.934906811
376,0x5FE2558dDFd8eF3335edf4815b29cCD54c6aa5d5,320.1,1654282054,1761177600,132.073176,7.924390557
64,0x617EeA439FF520FbDB8006d6c69E96422E958727,301,1654256156,1767830400,131.951912,7.917114721
71,0x1365B0F3f2e812FCAbD5972dED7621Fa7DC502d7,301,1654256156,1767830400,131.951912,7.917114721
493,0x7Bd9e55b4d927f474Fa76A52a55BeBad827d3fDe,319.798,1654282100,1761177600,131.9485141,7.916910843
290,0x97E5bC28402527276A9B1CEef2Ee7fEefcF7FEf1,307,1654281628,1765411200,131.6853173,7.901119039
199,0x8a7BbF2b8f6409deA2761C5BD2B65fffAdA4b909,301.783,1654256194,1767225600,131.5906264,7.895437581
517,0x7B803eD00796Ac589e3b5890d8DCC78578e62CD7,306.745,1654282108,1765411200,131.5753687,7.894522121
540,0xcFcFfE706f54910DD3C98f9A7297B76BF663295D,310,1654282116,1764201600,131.5242131,7.891452787
439,0xb15AbB115E40B404513FbFd57e590081E6131621,307.643,1654282080,1764806400,131.2424191,7.874545144
296,0xFFc65428C89d4b28610b1aCEB45423671104f9b4,307.269,1654281636,1764806400,131.0833949,7.865003696
125,0x29F0EBfB14e46128A0dF60c760B1E42c8e35549A,307.1,1654256174,1764806400,131.0414797,7.862488785
443,0x35642DE97d6376DD55240Ffd35FAfD2619515e54,307.115,1654282080,1764806400,131.017171,7.861030259
481,0x8D51d1ba95530988C53C08507bAB751406e52B02,307.096,1654282094,1764806400,131.0090489,7.860542932
277,0x88F8346dB22d35Cd8eee861332D8e08A1e547dBD,305,1654281628,1765411200,130.8274325,7.849645951
299,0x2748C10f7C6614679711fd35FbEb8E05A2e03419,305,1654281636,1765411200,130.8274231,7.849645386
426,0x112404725049132fcad66630799666f48A8552Ab,305,1654282070,1765411200,130.8269122,7.84961473
454,0x091232706a5017D8a72cE69741184687556dE740,305,1654282086,1765411200,130.8268933,7.8496136
455,0xc0D3a8d939d8653F0Fd8fE7a0646DD3884293466,305,1654282086,1765411200,130.8268933,7.8496136
505,0x681a5C1b072EC5894B63305920419e35d899becA,305,1654282100,1765411200,130.8268768,7.849612611
536,0xE658CD453B6d54ba43f2A5b49284E2b82adbf560,304.943,1654282116,1765411200,130.8024084,7.848144504
327,0xE66B57614fa88FB9B9B0D40a99F896B518Bf6fbB,308,1654281642,1764201600,130.6762333,7.840573999
501,0xD899Cba83CFA75D45B6c9E9196C3599C307320fe,304.574,1654282100,1765411200,130.6441482,7.83864889
410,0xe3615C57339377Ca83B2A12a8cE30275c655FA28,306,1654282062,1764806400,130.5415263,7.832491578
377,0xE2445F7773A059C33d70A1e4c6B4e96309D6A68C,304,1654282054,1765411200,130.3979902,7.823879415
496,0x82f5759a5C9d48E96864f988b2187150A9E89f56,303.812,1654282100,1765411200,130.3172954,7.819037726
350,0x3998fC81353f4b7aB8517254f1B91C244552f3a5,303.7,1654281648,1765411200,130.2697839,7.816187037
341,0xBcb8295D192B1ee9b61b0C89cff33f8d840966D4,303.587,1654281648,1765411200,130.2213135,7.813278808
450,0x3a5D0b32AD798C53F6AB38bBc597CaF41c3Ca23f,303.484,1654282080,1765411200,130.1766264,7.810597582
463,0xA7B336D9E7f748D276bCa12490b03ccBb4071C3a,305.046,1654282086,1764806400,130.1345156,7.808070938
500,0x986b3b04523C0Fd690B2fCf7CD114Fc2b7D9E740,1000,1654282100,1687996800,130.1333581,7.808001487
307,0x5AB025dF2A86e324bbA4491b7BF4beE9c2181562,305,1654281636,1764806400,130.1154215,7.806925291
366,0xBd63144C19379a62699F9544836CFdF05a3c31ED,305,1654282048,1764806400,130.1149365,7.806896189
546,0x4248a3026A014555d22a5e3C21814B1B9397D352,305,1654282116,1764806400,130.1148564,7.806891386
495,0x0C07ca2EdC1366F06f9A09c0e22Bf4344319744E,303.2,1654282100,1765411200,130.0547838,7.803287028
388,0x21699F05cd7FAf2165512703af577afaDDA0458f,315.2,1654282054,1761177600,130.0514372,7.803086235
355,0xFC2b0EA4F1910833Db4Fdc7ECaB54C8B93FB956f,303.09,1654282048,1765411200,130.0076612,7.800459671
393,0xa2eDa609De349128CF74b8cC96a113Cf7319521e,303,1654282062,1765411200,129.9690401,7.798142408
438,0xA20d478ec8a491D122B59Dce8BcdFE259a088b45,303,1654282080,1765411200,129.9690191,7.798141145
524,0x5132649FDe3e0Bc9A207dce9ac44743247EFE3D1,303,1654282108,1765411200,129.9689863,7.79813918
409,0x53cFBFe27706BB10F765e7Ef64912533e215D724,315,1654282062,1761177600,129.9689076,7.798134454
509,0xdbd9a478F024193A26066Fea2EE1878d8AFF30f4,301.359,1654282100,1766016000,129.9686061,7.798116367
324,0x99e546BF2E202Aa5453aA19Aa2BFC1D43e8C8939,302.9,1654281642,1765411200,129.9266371,7.795598226
310,0xbe375b16a55E3323e22dE841235b84eFd557F09D,304.548,1654281636,1764806400,129.9225947,7.795355683
278,0x8CDF509f6D67Cd11379EDBE468F749Ca32a25176,302.11,1654281628,1765411200,129.587789,7.775267338
326,0x1AF39FB2578c1Fe55439840F586F7BeD40E8126C,302,1654281642,1765411200,129.540589,7.772435339
364,0x8eFd97Edf4169Af5a6299416D1D60378D5479066,303.556,1654282048,1764806400,129.4989169,7.769935015
332,0xeC6F13D708dAc0afe4feEb1ecc643c720EAAD974,301.6,1654281648,1765411200,129.3690051,7.762140304
354,0x48731A48591B8A1869fa0f742334532A88b2cE92,310,1654282048,1762387200,129.3532733,7.761196396
421,0xf13872188b1823cAb9Cef25845Fb9195532696Cc,315,1654282070,1760572800,129.2335519,7.754013117
401,0x172BBff18713cf812512E438BFC83CdAEFA38415,301.241,1654282062,1765411200,129.2145334,7.752872004
516,0xb75D94b05156938DF46Ab456e33CE4C9CDf93d73,301.007,1654282108,1765411200,129.1141078,7.746846469
309,0x568a87af131a1e303F6fE9380a41695aA0d9c773,301,1654281636,1765411200,129.1116536,7.746699217
315,0x235e146f1D8c70B9D5D76BCe5744EA2AA95a0053,301,1654281642,1765411200,129.1116466,7.746698798
329,0xbaBFABA353c05D882CFb2201F039Fa759B45F727,301,1654281642,1765411200,129.1116466,7.746698798
362,0x84400c5E12bCBf953Fb01f61695733cCC5f260Bc,301,1654282048,1765411200,129.1111749,7.746670497
398,0x813895135Ca56B2AaeA87beb196177c1AC8A2155,301,1654282062,1765411200,129.1111587,7.746669521
400,0x09df8e09C6Cb68c7832e215e9769F3140DA85673,301,1654282062,1765411200,129.1111587,7.746669521
412,0x439102Bcb3045cB1e53b80434bB1c325F52d7969,301,1654282070,1765411200,129.1111494,7.746668963
430,0xaD6339baC72315BE11051a230194A2F3B378E935,301,1654282070,1765411200,129.1111494,7.746668963
441,0xA7956b8EEb7a3838146F88bB32C7171cF4143345,301,1654282080,1765411200,129.1111378,7.746668266
442,0x872f1fFdeEe35a6074658B4FB185E2582Db7896A,301,1654282080,1765411200,129.1111378,7.746668266
476,0x0d9eC0aD66D54c4245fc8C3Dc5F5263904054589,301,1654282094,1765411200,129.1111215,7.74666729
518,0xe320BEb7F381b33bD6Eb88EF1CDA0f3fA4fDd68B,301,1654282108,1765411200,129.1111052,7.746666314
531,0xB0C3F2c3fA2CBBAF2f7d296bD41d8031672FDAF4,301,1654282108,1765411200,129.1111052,7.746666314
550,0xb3474a6533D87E3452cb7b364f38BEEC800639ba,301,1654282116,1765411200,129.1110959,7.746665756
211,0xF810F51674cf875A3E03A7B95c27B8Df3312d131,312.522,1654256200,1761177600,128.9776824,7.738660946
448,0xF488288a5DC55A2AA95318a47f848F573E719250,302.129,1654282080,1764806400,128.8901123,7.73340674
507,0x4415D2b6022634826976aB797fD26f1f7e7EA347,302.104,1654282100,1764806400,128.8794239,7.732765432
367,0x9bCE58CF9292b3C2eDF0fF5B056B8f4D570CeCF7,302,1654282048,1764806400,128.8351174,7.730107046
403,0x3CF8d5F814088A91e34a8aaF674Ec84f63027348,302,1654282062,1764806400,128.8351011,7.730106067
513,0x659082a1b071fe769fD4FC8aCc3c056986375081,302,1654282108,1764806400,128.8350475,7.73010285
375,0xe29432a36B4CFB52C05538a00352d4964F65520B,300.287,1654282054,1765411200,128.8053332,7.728319993
527,0xf2da64cF36E390957A912ae04342ebf70857EBAc,311.721,1654282108,1761177600,128.6159378,7.716956267
424,0x4224c955bdc6B87d60F2eF4718c6c5022edb09E0,301.4,1654282070,1764806400,128.579128,7.714747682
300,0x806CAFaA1B34C9b9d2fC33BBAe3DE209E9D137E0,301.344,1654281636,1764806400,128.5557429,7.713344573
396,0xF3b1C99Ff41836dbD20EAa1a5D502213A49EC997,301,1654282062,1764806400,128.4084948,7.704509689
475,0x0BEC57f310940Beed62897C6d7DE79A6Ca511a50,310.01,1654282094,1761177600,127.9099967,7.674599805
295,0xd84CaCf927DB765dDDdcA706351C60c20F2a22b5,310,1654281636,1761177600,127.9064188,7.674385126
395,0xb0FB2ce51a7Cfe2aA9a3Ba0214E22405D764166A,310,1654282062,1761177600,127.905909,7.674354542
291,0xc0e99D042Dc356f28Ab6947688A563009189C3D6,307.252,1654281628,1761177600,126.7725997,7.606355985
456,0x63e295E3fD59b6d9d2713D26fa91416EB0Bfed1e,308.284,1654282086,1760572800,126.4781915,7.588691492
479,0x8A98500E20B33eB24Cd6fF62972B0b2Ca1990C57,302.947,1654282094,1762387200,126.4102239,7.584613433
194,0x9CBD9a0AE19b7e46606E9Be6eC8753912FB4a40c,283.292,1654256194,1769644800,126.1730422,7.570382531
427,0x5BE2539BaA7622865FDc401bA26adB636d78f5Bf,303,1654282070,1761177600,125.0177017,7.501062104
474,0x82a4cEC7be980A7Ae57513c79DcfEEd186260e99,303,1654282094,1761177600,125.0176737,7.50106042
471,0x2f41C37E82FBb6B49Ca4A9d2451A2969BF1231d1,302.201,1654282086,1761177600,124.6880159,7.481280956
419,0x260470a4BE6970Ec94c094B2d7796cfed5ddf3ea,302,1654282070,1761177600,124.6051021,7.476306124
349,0xDB2D78376960becbbb5010AB7502D2Ee948B1a49,301.599,1654281648,1761177600,124.4401408,7.466408451
371,0x839E270bA1e097004788857Df95b9C3CAE80E092,301.1,1654282048,1761177600,124.2337879,7.454027275
411,0xa014F0452a103E0b5B9B33E35aF6ccEe83b4AAE3,301,1654282062,1761177600,124.1925117,7.451550701
551,0x9347177014d3fEA775b5B29fFC96bF6B911686F9,301,1654282116,1761177600,124.1924489,7.451546936
447,0xe6cDc77684634d400dcAA66165c51D9970262a3E,300.999,1654282080,1761177600,124.1920782,7.45152469
325,0xCca1ad5b7Ae6bBE9330D85fc8cDEbBe5bC45F48A,300.994,1654281642,1758758400,121.3799246,7.282795478
136,0x74566D9Dc4eec5cD8CC6Aab21a3195FdF15db97D,267.753,1654256174,1768435200,118.0021763,7.080130575
356,0xa2E2fAf691Ac3f117d7Ea018a7F63065f2A92206,604.78,1654282048,1701907200,111.1739747,6.670438481
279,0x41DeE44551d49f419dE996E1bc10F18f5a9BE7e4,307.288,1654281628,1742428800,104.5498278,6.272989666
184,0x069A7f4ad699Fe56B6524996414e8dEf025485bd,310.152,1654256194,1740614400,103.3826202,6.202957214
572,0x5372ACcb490a498F9a0EA9d1050932C32E306D8d,1000,1654956627,1680739200,99.51661457,5.970996874
445,0x0ac0240f4656dc80684d0df1208Bb91c0220725D,2368.39,1654282080,1665014400,98.11065371,5.886639222
574,0x5372ACcb490a498F9a0EA9d1050932C32E306D8d,3000,1654956913,1662595200,88.44770419,5.306862252
106,0xeccE08c2636820a81FC0c805dBDC7D846636bbc4,200,1654256168,1767830400,87.67567978,5.260540787
159,0x23Ffb8Fc1Ef01b930361733F83b7aBDBdDD73dfE,183.937,1654256180,1769644800,81.92216397,4.915329838
570,0x5372ACcb490a498F9a0EA9d1050932C32E306D8d,200,1654955243,1753315200,75.93074539,4.555844723
553,0x49fAa913ddbD17F68B8b2D19cD43bf4A985f0aA4,135,1654470403,1780531200,65.68756369,3.941253821
204,0xAC4a1C8C3633d1ac61b976236d33d781775cAd17,1009.708,1654256200,1671062400,65.49899889,3.929939933
134,0x2fF99b5D39759632827D44B4155e983ae816A284,144.142,1654256174,1768435200,63.52522545,3.811513527
266,0xCd605bb38BE6B08bB1CFFA1eCcbDD3Ead78A554d,130,1654256220,1778716800,62.45173529,3.747104117
68,0x3f547239849263f9E3383413Cb4742E098404d39,142.153,1654256156,1767830400,62.31681112,3.739008667
579,0x0619b194fFD03a6EbB633ebD1B77B5102FFBc3c9,115,1657544341,1783555200,55.93390621,3.356034372
569,0x5372ACcb490a498F9a0EA9d1050932C32E306D8d,110,1654955069,1779926400,53.06063191,3.183637915
578,0xb4C25F0f872D7A47603AD744DEd9459A685597e8,108.48,1656546757,1782345600,52.67392254,3.160435352
566,0x5372ACcb490a498F9a0EA9d1050932C32E306D8d,120,1654953333,1767225600,52.00236263,3.120141758
564,0x5372ACcb490a498F9a0EA9d1050932C32E306D8d,110,1654953001,1775692800,51.26399776,3.075839865
567,0x5372ACcb490a498F9a0EA9d1050932C32E306D8d,120,1654954711,1764201600,50.60106551,3.036063931
50,0x24Acad1C1FbAD313F6865030b9aC8EFe765d9159,699,1654256150,1672876800,50.2390421,3.014342526
582,0xd67d38c6BD7861d84207bF6D8EE129acA42B5Acc,103.099,1659550136,1785369600,50.06931168,3.004158701
561,0x8F4b24d9D1E1E0dEA64Cd84799d0B4f99D9fdCc7,103.048,1654897677,1780531200,49.97058607,2.998235164
557,0x938FEbabd090cC0A4c70FEBB7Fc6D8229c9b9790,102,1654532357,1780531200,49.60621215,2.976372729
580,0x849E54Cba56F36B5649733A85501896F16e96164,102,1658782420,1784764800,49.59973061,2.975983837
560,0xF152dA370FA509f08685Fa37a09BA997E41Fb65b,102,1654670328,1780531200,49.55189246,2.973113548
56,0xd651A34A382A5795Bf26cFfd39D78618C98AA9f4,113,1654256150,1767830400,49.53676693,2.972206016
565,0x5372ACcb490a498F9a0EA9d1050932C32E306D8d,110,1654953115,1771459200,49.46643716,2.96798623
568,0x5372ACcb490a498F9a0EA9d1050932C32E306D8d,120,1654954847,1761177600,49.20034367,2.95202062
558,0xddfB5F05589FCbFb99Cb7b5cE4D549980C65cF6a,101,1654608071,1780531200,49.0903601,2.945421606
268,0x19cf68B83128248Fe1A8d41B360baf0F31a6037E,101,1654256220,1779926400,48.99174948,2.939504969
270,0x42aaF70A09e9385Dfa70b3D573D021C79EA1c901,101,1654276399,1779926400,48.98388282,2.939032969
576,0xeBd4A93E7cCa28efcD1c8d015EfAe1A4ffCdA0B0,100.1,1655926100,1781740800,48.61102753,2.916661652
148,0x7de8b314c68a044fD41b09598680666A7Ba4A1D6,909.711,1654256180,1668038400,48.39404919,2.903642952
